year,team,lat,lng,seed,bpi,qual_win,qual_loss,qual_win_perc,schdl_strngth
2014,Florida,29.6804,-82.3459,1,19.2,13,3,0.81,16
2014,Albany,42.6664,-73.7987,16,-1,0,2,0,231
2014,Colorado,40.0248,-105.2524,8,6.7,5,10,0.33,48
2014,Pittsburgh,40.4397,-79.9763,9,15.4,5,9,0.36,45
2014,VCU,37.5295,-77.4756,5,13,5,5,0.5,83
2014,Stephen F. Austin,31.6134,-94.6528,12,5.5,1,1,0.5,331
2014,UCLA,34.1141,-118.4068,4,13.8,5,5,0.5,58
2014,Tulsa,36.1283,-95.9042,13,4.2,1,6,0.14,115
2014,Ohio State,39.9862,-82.9855,6,13.8,5,5,0.5,53
2014,Dayton,39.7805,-84.2003,11,8.6,6,4,0.6,76
2014,Syracuse,43.0407,-76.1437,3,14.3,10,3,0.77,47
2014,Western Michigan,42.2749,-85.5882,14,2.8,0,2,0,164
2014,New Mexico,35.1054,-106.6465,7,9.1,3,3,0.5,94
2014,Stanford,37.4252,-122.1674,10,7.4,8,8,0.5,19
2014,Kansas,38.9597,-95.2642,2,15.8,11,5,0.69,2
2014,Eastern Kentucky,37.7307,-84.2925,15,4,0,3,0,235
2014,Virginia,38.0375,-78.4855,1,16.4,12,6,0.67,12
2014,Coastal Carolina,33.8401,-79.0431,16,-1.8,0,2,0,293
2014,Memphis,35.1087,-89.9663,8,10,6,9,0.4,55
2014,George Washington,38.9047,-77.0163,9,9.1,4,6,0.4,74
2014,Cincinnati,39.1413,-84.506,5,12.1,6,7,0.46,78
2014,Harvard,42.3759,-71.1185,12,11.8,1,2,0.33,147
2014,Michigan State,42.748,-84.4836,4,15.4,9,7,0.56,5
2014,Delaware,39.6776,-75.7576,13,4.1,0,4,0,129
2014,North Carolina,35.9271,-79.0391,6,12,9,5,0.64,17
2014,Providence,41.823,-71.4187,11,8.8,6,10,0.38,23
2014,Iowa State,42.0256,-93.6217,3,12.9,9,5,0.64,7
2014,North Carolina Central,35.9792,-78.9022,14,6.9,0,4,0,300
2014,UConn,41.8083,-72.2514,7,12.7,12,6,0.67,27
2014,Saint Joseph's,40.0077,-75.1339,10,7.4,6,6,0.5,77
2014,Villanova,40.0405,-75.341,2,16.2,10,4,0.71,39
2014,Milwaukee,43.0642,-87.9675,15,0.5,0,2,0,149
2014,Arizona,32.1541,-110.8787,1,17.7,11,4,0.73,24
2014,Weber State,41.2279,-111.9682,16,2.4,0,2,0,273
2014,Gonzaga,47.6671,-117.433,8,12.8,2,3,0.4,98
2014,Oklahoma State,36.1317,-97.0742,9,14.4,3,10,0.23,38
2014,Oklahoma,35.2335,-97.3471,5,9.5,5,7,0.42,31
2014,North Dakota State,46.8651,-96.8292,12,9.2,1,2,0.33,143
2014,San Diego State,32.8313,-117.1222,4,13.3,4,4,0.5,87
2014,New Mexico State,32.3265,-106.7893,13,7,1,4,0.2,195
2014,Baylor,31.5599,-97.1882,6,11,7,8,0.47,28
2014,Nebraska,40.8099,-96.6784,11,5.7,3,9,0.25,13
2014,Creighton,41.2627,-96.0529,3,14.8,8,8,0.5,35
2014,Louisiana,30.2082,-92.0325,14,3.1,1,4,0.2,155
2014,Oregon,44.0564,-123.1174,7,11.4,5,5,0.5,62
2014,Brigham Young,40.2457,-111.6457,10,7.6,1,8,0.11,89
2014,Wisconsin,43.0822,-89.393,2,15.8,11,4,0.73,3
2014,American University,38.9047,-77.0163,15,1.6,0,2,0,211
2014,Wichita State,37.6895,-97.3443,1,14.6,2,1,0.67,154
2014,Cal Poly,35.2669,-120.669,16,-2.1,0,4,0,112
2014,Kentucky,38.0423,-84.4587,8,14.9,7,8,0.47,4
2014,Kansas State,39.1886,-96.6048,9,8.4,6,9,0.4,42
2014,Saint Louis,38.6359,-90.2451,5,9.9,4,5,0.44,92
2014,NC State,35.8324,-78.6429,12,6.2,6,10,0.38,32
2014,Louisville,38.1663,-85.6485,4,20.1,7,6,0.54,95
2014,Manhattan,40.9466,-73.8673,13,6.9,0,2,0,168
2014,Massachusetts,42.3266,-72.6745,6,9.1,5,5,0.5,72
2014,Tennessee,35.9692,-83.9496,11,14.5,5,7,0.42,34
2014,Duke,35.9792,-78.9022,3,18.8,9,6,0.6,22
2014,Mercer,32.8065,-83.6974,14,6.9,1,2,0.33,218
2014,Texas,30.3005,-97.7522,7,8.3,7,8,0.47,21
2014,Arizona State,33.3881,-111.9319,10,10.1,3,5,0.38,65
2014,Michigan,42.2759,-83.731,2,15.7,8,7,0.53,1
2014,Wofford,34.9442,-81.9251,15,-0.4,0,3,0,225
2015,Kentucky,38.0423,-84.4587,1,23.9,16,1,0.94,40
2015,Hampton,37.0551,-76.363,16,-3.8,0,4,0,246
2015,Cincinnati,39.1413,-84.506,8,8.7,4,4,0.5,80
2015,Purdue,40.4432,-86.9238,9,9.9,8,9,0.47,30
2015,West Virginia,39.6383,-79.9464,5,11.5,7,9,0.44,15
2015,Buffalo,42.9018,-78.8487,12,7.5,0,3,0,111
2015,Maryland,38.996,-76.9337,4,10.5,9,7,0.56,28
2015,Valparaiso,41.4783,-87.0506,13,5.7,0,1,0,287
2015,Butler,39.7771,-86.1458,6,12.8,7,10,0.41,25
2015,Texas,30.3005,-97.7522,11,12.5,3,13,0.19,16
2015,Notre Dame,41.6767,-86.2696,3,15.8,12,5,0.71,20
2015,Northeastern,42.3188,-71.0852,14,2.6,1,1,0.5,146
2015,Wichita State,37.6895,-97.3443,7,13.7,3,3,0.5,98
2015,Indiana,39.1637,-86.5257,10,9.7,6,12,0.33,33
2015,Kansas,38.9597,-95.2642,2,14.4,14,7,0.67,2
2015,New Mexico State,32.3265,-106.7893,15,4.5,0,3,0,216
2015,Wisconsin,43.0822,-89.393,1,21.7,16,2,0.89,10
2015,Coastal Carolina,33.8401,-79.0431,16,2.6,0,2,0,318
2015,Oregon,44.0564,-123.1174,8,3.6,4,6,0.4,61
2015,Oklahoma State,36.1317,-97.0742,9,9.5,5,9,0.36,24
2015,Arkansas,36.0714,-94.1661,5,10,5,6,0.45,59
2015,Wofford,34.9442,-81.9251,12,4.2,1,3,0.25,192
2015,North Carolina,35.9271,-79.0391,4,17.8,10,11,0.48,1
2015,Harvard,42.3759,-71.1185,13,6.1,0,2,0,127
2015,Xavier,39.1413,-84.506,6,9.5,9,8,0.53,18
2015,Ole Miss,34.3627,-89.5336,11,8.3,5,6,0.45,63
2015,Baylor,31.5599,-97.1882,3,13.6,8,8,0.5,13
2015,Georgia State,33.7628,-84.422,14,7.7,1,3,0.25,156
2015,VCU,37.5295,-77.4756,7,12,7,8,0.47,54
2015,Ohio State,39.9862,-82.9855,10,16.3,7,10,0.41,34
2015,Arizona,32.1541,-110.8787,2,19.6,5,1,0.83,76
2015,Texas Southern,29.786,-95.3885,15,-3,1,6,0.14,107
2015,Villanova,40.0405,-75.341,1,19.3,14,2,0.88,55
2015,Lafayette,40.6858,-75.2209,16,-0.3,0,3,0,204
2015,NC State,35.8324,-78.6429,8,10.4,6,10,0.38,8
2015,LSU,30.442,-91.1311,9,7.8,7,3,0.7,67
2015,Northern Iowa,42.5195,-92.4536,5,11.8,4,3,0.57,104
2015,Wyoming,41.3099,-105.6085,12,2.9,0,2,0,186
2015,Louisville,38.1663,-85.6485,4,14.8,9,9,0.5,5
2015,UC Irvine,33.6772,-117.7738,13,5.3,0,2,0,164
2015,Providence,41.823,-71.4187,6,10.4,8,9,0.47,19
2015,Dayton,39.7805,-84.2003,11,9.4,6,4,0.6,77
2015,Oklahoma,35.2335,-97.3471,3,13.9,11,7,0.61,7
2015,Albany,42.6664,-73.7987,14,2.4,0,2,0,247
2015,Michigan State,42.748,-84.4836,7,13.7,12,10,0.55,3
2015,Georgia,33.9508,-83.3689,10,8.6,3,7,0.3,44
2015,Virginia,38.0375,-78.4855,2,19.6,10,4,0.71,27
2015,Belmont,36.1715,-86.7842,15,2,0,3,0,160
2015,Duke,35.9792,-78.9022,1,22.4,14,4,0.78,4
2015,Robert Morris,40.5187,-80.2178,16,-0.5,0,3,0,207
2015,San Diego State,32.8313,-117.1222,8,7.7,3,3,0.5,79
2015,St. John's,40.7498,-73.7976,9,9.2,7,8,0.47,39
2015,Utah,40.7776,-111.9311,5,16.2,4,4,0.5,74
2015,Stephen F. Austin,31.6134,-94.6528,12,8.8,0,4,0,235
2015,Georgetown,38.9047,-77.0163,4,10.4,6,11,0.35,17
2015,Eastern Washington,47.4901,-117.579,13,4.8,1,2,0.33,273
2015,Southern Methodist,32.7935,-96.7667,6,9.8,0,5,0,91
2015,UCLA,34.1141,-118.4068,11,4.8,2,8,0.2,53
2015,Iowa State,42.0256,-93.6217,3,13.8,13,5,0.72,9
2015,UAB,33.5279,-86.7971,14,0.5,2,3,0.4,131
2015,Iowa,41.6559,-91.5303,7,12.1,8,10,0.44,11
2015,Davidson,35.484,-80.8247,10,10.3,4,6,0.4,70
2015,Gonzaga,47.6671,-117.433,2,16.4,6,3,0.67,96
2015,North Dakota State,46.8651,-96.8292,15,-1.1,0,3,0,236
2016,Kansas,38.9597,-95.2642,1,18.5,14,4,0.78,10
2016,Austin Peay,36.5692,-87.3413,16,-3.3,0,3,0,224
2016,Colorado,40.0248,-105.2524,8,8.7,4,8,0.33,75
2016,UConn,41.8083,-72.2514,9,13.5,4,7,0.36,51
2016,Maryland,38.996,-76.9337,5,13.3,6,8,0.43,35
2016,South Dakota State,44.3022,-96.7859,12,6.3,0,1,0,221
2016,California,37.8722,-122.276,4,11.8,4,5,0.44,72
2016,Hawaii,21.3294,-157.846,13,2.9,1,2,0.33,163
2016,Arizona,32.1541,-110.8787,6,14.8,2,5,0.29,78
2016,Wichita State,37.6895,-97.3443,11,14.4,3,3,0.5,103
2016,Miami (FL),25.7037,-80.2715,3,13.5,14,5,0.74,5
2016,Buffalo,42.9018,-78.8487,14,1.8,0,4,0,111
2016,Iowa,41.6559,-91.5303,7,12.9,8,8,0.5,19
2016,Temple,40.0077,-75.1339,10,5.9,5,7,0.42,54
2016,Villanova,40.0405,-75.341,2,19.9,11,4,0.73,27
2016,UNC Asheville,35.5707,-82.5537,15,2.7,0,2,0,249
2016,Oregon,44.0564,-123.1174,1,13,9,2,0.82,60
2016,Holy Cross,42.2705,-71.8079,16,-7.7,0,2,0,260
2016,Saint Joseph's,40.0077,-75.1339,8,8.7,7,4,0.64,80
2016,Cincinnati,39.1413,-84.506,9,13,5,5,0.5,68
2016,Baylor,31.5599,-97.1882,5,11.8,6,11,0.35,14
2016,Yale,41.3113,-72.9246,12,10.5,2,4,0.33,105
2016,Duke,35.9792,-78.9022,4,15.6,8,11,0.42,8
2016,UNC Wilmington,34.2099,-77.8866,13,4.3,0,1,0,176
2016,Texas,30.3005,-97.7522,6,9.6,7,9,0.44,4
2016,Northern Iowa,42.5195,-92.4536,11,6,6,3,0.67,91
2016,Texas A&M,30.5852,-96.2959,3,13,8,4,0.67,56
2016,Green Bay,44.4796,-88.0889,14,1.3,1,4,0.2,134
2016,Oregon State,44.5698,-123.2779,7,6.8,3,8,0.27,42
2016,VCU,37.5295,-77.4756,10,10.6,1,7,0.13,88
2016,Oklahoma,35.2335,-97.3471,2,14.9,13,6,0.68,2
2016,Cal State Bakersfield,35.3529,-119.0359,15,2.2,0,2,0,285
2016,North Carolina,35.9271,-79.0391,1,18.7,14,5,0.74,11
2016,Florida Gulf Coast,26.6194,-81.8302,16,-1,0,3,0,301
2016,USC,34.1141,-118.4068,8,7.3,3,7,0.3,63
2016,Providence,41.823,-71.4187,9,7.4,7,8,0.47,30
2016,Indiana,39.1637,-86.5257,5,15.8,9,5,0.64,59
2016,Chattanooga,35.066,-85.2481,12,4.2,1,2,0.33,239
2016,Kentucky,38.0423,-84.4587,4,16.2,6,4,0.6,41
2016,Stony Brook,40.9061,-73.1278,13,8.1,1,3,0.25,214
2016,Notre Dame,41.6767,-86.2696,6,11,9,9,0.5,6
2016,Michigan,42.2759,-83.731,11,10.4,4,12,0.25,25
2016,West Virginia,39.6383,-79.9464,3,16.5,6,9,0.4,13
2016,Stephen F. Austin,31.6134,-94.6528,14,9.5,1,2,0.33,275
2016,Wisconsin,43.0822,-89.393,7,9.8,9,7,0.56,18
2016,Pittsburgh,40.4397,-79.9763,10,12.3,6,9,0.4,26
2016,Xavier,39.1413,-84.506,2,14.1,8,5,0.62,55
2016,Weber State,41.2279,-111.9682,15,2.8,0,2,0,318
2016,Virginia,38.0375,-78.4855,1,18.6,15,6,0.71,1
2016,Hampton,37.0551,-76.363,16,-5.7,0,3,0,279
2016,Texas Tech,33.5657,-101.8879,8,7.9,4,10,0.29,21
2016,Butler,39.7771,-86.1458,9,12.1,5,7,0.42,38
2016,Purdue,40.4432,-86.9238,5,15.9,9,7,0.56,37
2016,Little Rock,34.7256,-92.3577,12,8.1,1,1,0.5,152
2016,Iowa State,42.0256,-93.6217,4,12.8,5,10,0.33,7
2016,Iona,40.9304,-73.7836,13,4.2,0,2,0,138
2016,Seton Hall,40.7245,-74.1725,6,11,6,8,0.43,39
2016,Gonzaga,47.6671,-117.433,11,12.5,6,7,0.46,89
2016,Utah,40.7776,-111.9311,3,10.1,5,7,0.42,47
2016,Fresno State,36.783,-119.7939,14,2.5,0,3,0,110
2016,Dayton,39.7805,-84.2003,7,9,4,2,0.67,90
2016,Syracuse,43.0407,-76.1437,10,11,8,12,0.4,12
2016,Michigan State,42.748,-84.4836,2,18.6,9,4,0.69,53
2016,Middle Tennessee State,35.849,-86.4121,15,1.3,1,2,0.33,185
2017,Villanova,40.0405,-75.341,1,20.3,10,4,0.71,34
2017,Mount St. Mary's,39.7051,-77.3217,16,-1.9,0,6,0,149
2017,Wisconsin,43.0822,-89.393,8,15,10,8,0.56,24
2017,Virginia Tech,37.23,-80.4279,9,8.8,8,9,0.47,26
2017,Virginia,38.0375,-78.4855,5,17.2,6,9,0.4,6
2017,UNC Wilmington,34.2099,-77.8866,12,7.6,0,3,0,142
2017,Florida,29.6804,-82.3459,4,18.1,7,9,0.44,9
2017,East Tennessee State,36.3406,-82.3806,13,6.1,0,2,0,175
2017,Southern Methodist,32.7935,-96.7667,6,15.5,5,2,0.71,80
2017,USC,34.1141,-118.4068,11,7.8,3,7,0.3,69
2017,Baylor,31.5599,-97.1882,3,15.1,13,8,0.62,10
2017,New Mexico State,32.3265,-106.7893,14,3.9,0,1,0,324
2017,South Carolina,34.0378,-80.9036,7,11.4,8,6,0.57,39
2017,Marquette,43.0642,-87.9675,10,10.8,6,6,0.5,36
2017,Duke,35.9792,-78.9022,2,17.7,15,7,0.68,8
2017,Troy,31.8021,-85.9664,15,2,0,1,0,207
2017,Gonzaga,47.6671,-117.433,1,20.4,10,1,0.91,82
2017,South Dakota State,44.3022,-96.7859,16,-1,0,2,0,180
2017,Northwestern,42.0464,-87.6943,8,9.4,6,9,0.4,43
2017,Vanderbilt,36.1715,-86.7842,9,10.2,6,10,0.38,22
2017,Notre Dame,41.6767,-86.2696,5,13.9,9,9,0.5,14
2017,Princeton,40.3562,-74.6693,12,8.3,0,2,0,140
2017,West Virginia,39.6383,-79.9464,4,17.6,12,7,0.63,25
2017,Bucknell,40.9641,-76.8901,13,5.2,1,3,0.25,213
2017,Maryland,38.996,-76.9337,6,8.9,7,5,0.58,58
2017,Xavier,39.1413,-84.506,11,10.4,6,11,0.35,13
2017,Florida State,30.4551,-84.2527,3,13.9,11,6,0.65,29
2017,Florida Gulf Coast,26.6194,-81.8302,14,5.4,0,4,0,221
2017,Saint Mary's,37.8439,-122.1225,7,16.6,3,4,0.43,104
2017,VCU,37.5295,-77.4756,10,9.7,2,5,0.29,83
2017,Arizona,32.1541,-110.8787,2,14.7,5,5,0.5,67
2017,North Dakota,47.9214,-97.0884,15,1.4,0,1,0,302
2017,Kansas,38.9597,-95.2642,1,18.4,16,5,0.76,11
2017,UC Davis,38.5553,-121.737,16,-2.9,0,1,0,299
2017,Miami (FL),25.7037,-80.2715,8,10.7,5,11,0.31,23
2017,Michigan State,42.748,-84.4836,9,9.7,7,10,0.41,16
2017,Iowa State,42.0256,-93.6217,5,14.7,14,9,0.61,2
2017,Nevada,39.5497,-119.8483,12,9,0,2,0,155
2017,Purdue,40.4432,-86.9238,4,16.1,10,6,0.63,40
2017,Vermont,44.4876,-73.2316,13,9,0,4,0,203
2017,Creighton,41.2627,-96.0529,6,12,5,7,0.42,45
2017,Rhode Island,41.4738,-71.5236,11,10.4,4,5,0.44,73
2017,Oregon,44.0564,-123.1174,3,17.4,5,4,0.56,61
2017,Iona,40.9304,-73.7836,14,1.2,1,3,0.25,156
2017,Michigan,42.2759,-83.731,7,15.6,12,7,0.63,19
2017,Oklahoma State,36.1317,-97.0742,10,12.4,8,11,0.42,4
2017,Louisville,38.1663,-85.6485,2,17.8,10,9,0.53,7
2017,Jacksonville State,33.8088,-85.7545,15,-0.2,0,2,0,204
2017,North Carolina,35.9271,-79.0391,1,19.4,16,6,0.73,5
2017,Texas Southern,29.786,-95.3885,16,-0.9,0,6,0,146
2017,Arkansas,36.0714,-94.1661,8,9.6,4,8,0.33,54
2017,Seton Hall,40.7245,-74.1725,9,8.4,6,9,0.4,27
2017,Minnesota,44.9635,-93.2678,5,9.8,7,7,0.5,47
2017,Middle Tennessee State,35.849,-86.4121,12,9.5,2,2,0.5,187
2017,Butler,39.7771,-86.1458,4,13.3,13,4,0.76,18
2017,Winthrop,34.9415,-81.0241,13,3.7,0,3,0,283
2017,Cincinnati,39.1413,-84.506,6,14.8,6,5,0.55,75
2017,Kansas State,39.1886,-96.6048,11,10.2,7,11,0.39,15
2017,UCLA,34.1141,-118.4068,3,16.8,5,4,0.56,70
2017,Kent State,41.149,-81.361,14,1.4,0,1,0,193
2017,Dayton,39.7805,-84.2003,7,10.2,4,4,0.5,84
2017,Wichita State,37.6895,-97.3443,10,15.7,1,4,0.2,116
2017,Kentucky,38.0423,-84.4587,2,17.5,10,5,0.67,31
2017,Northern Kentucky,39.0354,-84.4567,15,-0.2,0,2,0,271
2018,Virginia,38.0375,-78.4855,1,20.2,17,2,0.89,32
2018,UMBC,39.3051,-76.6144,16,0.7,1,3,0.25,168
2018,Creighton,41.2627,-96.0529,8,12.2,3,10,0.23,48
2018,Kansas State,39.1886,-96.6048,9,9.2,9,11,0.45,31
2018,Kentucky,38.0423,-84.4587,5,12.9,8,9,0.47,16
2018,Davidson,35.484,-80.8247,12,10.7,2,5,0.29,86
2018,Arizona,32.1541,-110.8787,4,11.9,3,2,0.6,72
2018,Buffalo,42.9018,-78.8487,13,6.7,1,4,0.2,145
2018,Miami (FL),25.7037,-80.2715,6,10.6,8,7,0.53,53
2018,Loyola (IL),41.8375,-87.6866,11,9.6,5,1,0.83,119
2018,Tennessee,35.9692,-83.9496,3,14.4,7,7,0.5,17
2018,Wright State,39.7805,-84.2003,14,1.7,0,2,0,234
2018,Nevada,39.5497,-119.8483,7,11.2,4,3,0.57,82
2018,Texas,30.3005,-97.7522,10,10,6,14,0.3,2
2018,Cincinnati,39.1413,-84.506,2,18.5,3,5,0.38,74
2018,Georgia State,33.7628,-84.422,15,4.4,0,1,0,258
2018,Xavier,39.1413,-84.506,1,14.7,10,4,0.71,40
2018,Texas Southern,29.786,-95.3885,16,-3.6,0,8,0,109
2018,Missouri,38.9472,-92.3268,8,9.1,4,7,0.36,54
2018,Florida State,30.4551,-84.2527,9,11.5,10,9,0.53,20
2018,Ohio State,39.9862,-82.9855,5,13.8,4,9,0.31,35
2018,South Dakota State,44.3022,-96.7859,12,5.9,0,3,0,159
2018,Gonzaga,47.6671,-117.433,4,15.4,5,4,0.56,90
2018,UNC Greensboro,36.0956,-79.8271,13,6.1,1,2,0.33,179
2018,Houston,29.786,-95.3885,6,13.4,4,4,0.5,67
2018,San Diego State,32.8313,-117.1222,11,8.8,3,3,0.5,93
2018,Michigan,42.2759,-83.731,3,15.1,12,5,0.71,28
2018,Montana,46.8751,-114.0214,14,3.7,0,2,0,246
2018,Texas A&M,30.5852,-96.2959,7,10.8,7,8,0.47,6
2018,Providence,41.823,-71.4187,10,7.7,7,11,0.39,22
2018,North Carolina,35.9271,-79.0391,2,16.1,15,10,0.6,1
2018,Lipscomb,36.1715,-86.7842,15,-0.2,0,4,0,169
2018,Villanova,40.0405,-75.341,1,22.8,16,2,0.89,11
2018,Radford,37.1229,-80.5587,16,0.1,0,4,0,193
2018,Virginia Tech,37.23,-80.4279,8,11.2,6,10,0.38,43
2018,Alabama,33.2348,-87.5268,9,8.6,9,10,0.47,15
2018,West Virginia,39.6383,-79.9464,5,15.8,13,9,0.59,12
2018,Murray State,36.6146,-88.3207,12,7.6,0,3,0,249
2018,Wichita State,37.6895,-97.3443,4,14.2,4,5,0.44,68
2018,Marshall,38.4109,-82.4345,13,3.1,3,2,0.6,115
2018,Florida,29.6804,-82.3459,6,12.1,9,7,0.56,18
2018,St. Bonaventure,42.0802,-78.4748,11,8,4,5,0.44,80
2018,Texas Tech,33.5657,-101.8879,3,15.1,13,8,0.62,7
2018,Stephen F. Austin,31.6134,-94.6528,14,3.5,0,2,0,328
2018,Arkansas,36.0714,-94.1661,7,10,6,9,0.4,36
2018,Butler,39.7771,-86.1458,10,12.4,7,11,0.39,5
2018,Purdue,40.4432,-86.9238,2,19,11,5,0.69,34
2018,Cal State Fullerton,33.8841,-117.9279,15,-0.7,0,2,0,211
2018,Kansas,38.9597,-95.2642,1,16.5,19,5,0.79,3
2018,Pennsylvania,40.0077,-75.1339,16,4.2,0,2,0,254
2018,Seton Hall,40.7245,-74.1725,8,11.7,6,10,0.38,19
2018,NC State,35.8324,-78.6429,9,9.2,9,8,0.53,51
2018,Clemson,34.6837,-82.8124,5,14,9,9,0.5,14
2018,New Mexico State,32.3265,-106.7893,12,6.9,2,2,0.5,173
2018,Auburn,32.6087,-85.4903,4,12.2,5,4,0.56,65
2018,Charleston,32.8168,-79.9687,13,3.3,0,3,0,240
2018,TCU,32.7817,-97.3474,6,12.3,6,11,0.35,26
2018,Syracuse,43.0407,-76.1437,11,9.4,8,10,0.44,24
2018,Michigan State,42.748,-84.4836,3,17.8,6,5,0.55,60
2018,Bucknell,40.9641,-76.8901,14,6.4,0,4,0,175
2018,Rhode Island,41.4738,-71.5236,7,10.5,3,5,0.38,77
2018,Oklahoma,35.2335,-97.3471,10,9.4,7,10,0.41,4
2018,Duke,35.9792,-78.9022,2,19.8,14,6,0.7,8
2018,Iona,40.9304,-73.7836,15,3.1,0,3,0,176
2019,Duke,35.9792,-78.9022,1,21.3,16,6,0.73,6
2019,North Dakota State,46.8651,-96.8292,16,-1.5,0,3,0,165
2019,VCU,37.5295,-77.4756,8,10,1,2,0.33,98
2019,UCF,28.4773,-81.337,9,10.5,3,3,0.5,71
2019,Mississippi State,33.4608,-88.8297,5,12.9,6,6,0.5,30
2019,Liberty,37.4003,-79.1909,12,7.5,3,2,0.6,204
2019,Virginia Tech,37.23,-80.4279,4,16.5,4,9,0.31,37
2019,Saint Louis,38.6359,-90.2451,13,4.5,0,4,0,95
2019,Maryland,38.996,-76.9337,6,12,10,9,0.53,24
2019,Belmont,36.1715,-86.7842,11,9.4,3,3,0.5,147
2019,LSU,30.442,-91.1311,3,12.7,7,5,0.58,39
2019,Yale,41.3113,-72.9246,14,6.4,0,2,0,152
2019,Louisville,38.1663,-85.6485,7,13.4,6,11,0.35,10
2019,Minnesota,44.9635,-93.2678,10,8.1,9,11,0.45,13
2019,Michigan State,42.748,-84.4836,2,19.8,19,6,0.76,1
2019,Bradley,40.752,-89.6154,15,-0.4,1,1,0.5,226
2019,Gonzaga,47.6671,-117.433,1,23.1,6,4,0.6,74
2019,Fairleigh Dickinson,40.8891,-74.0462,16,-1.5,0,1,0,318
2019,Syracuse,43.0407,-76.1437,8,10.5,4,11,0.27,33
2019,Baylor,31.5599,-97.1882,9,10.3,9,9,0.5,27
2019,Marquette,43.0642,-87.9675,5,11.5,6,5,0.55,59
2019,Murray State,36.6146,-88.3207,12,9,2,3,0.4,193
2019,Florida State,30.4551,-84.2527,4,14.6,12,6,0.67,19
2019,Vermont,44.4876,-73.2316,13,7.9,0,4,0,220
2019,Buffalo,42.9018,-78.8487,6,12.6,1,2,0.33,100
2019,Arizona State,33.3881,-111.9319,11,7.4,4,4,0.5,70
2019,Texas Tech,33.5657,-101.8879,3,18.8,15,6,0.71,22
2019,Northern Kentucky,39.0354,-84.4567,14,5,0,3,0,254
2019,Nevada,39.5497,-119.8483,7,12.9,1,2,0.33,121
2019,Florida,29.6804,-82.3459,10,11.6,3,13,0.19,15
2019,Michigan,42.2759,-83.731,2,17.8,13,7,0.65,17
2019,Montana,46.8751,-114.0214,15,3,0,2,0,263
2019,Virginia,38.0375,-78.4855,1,23.2,18,3,0.86,11
2019,Gardner-Webb,35.2522,-81.6636,16,2,0,3,0,205
2019,Ole Miss,34.3627,-89.5336,8,8.7,4,8,0.33,50
2019,Oklahoma,35.2335,-97.3471,9,10.6,7,12,0.37,7
2019,Wisconsin,43.0822,-89.393,5,14.3,11,9,0.55,4
2019,Oregon,44.0564,-123.1174,12,11.6,2,4,0.33,66
2019,Kansas State,39.1886,-96.6048,4,12.7,11,6,0.65,32
2019,UC Irvine,33.6772,-117.7738,13,5.5,2,2,0.5,213
2019,Villanova,40.0405,-75.341,6,12.5,5,4,0.56,52
2019,Saint Mary's,37.8439,-122.1225,11,10.4,1,6,0.14,77
2019,Purdue,40.4432,-86.9238,3,17.4,15,7,0.68,3
2019,Old Dominion,36.8945,-76.259,14,3.6,2,1,0.67,235
2019,Cincinnati,39.1413,-84.506,7,11.8,2,6,0.25,65
2019,Iowa,41.6559,-91.5303,10,10.5,9,10,0.47,25
2019,Tennessee,35.9692,-83.9496,2,17.1,9,6,0.6,31
2019,Colgate,42.7401,-75.5436,15,2.6,0,3,0,225
2019,North Carolina,35.9271,-79.0391,1,18.9,12,7,0.63,5
2019,Iona,40.9304,-73.7836,16,-0.8,0,2,0,274
2019,Utah State,41.7399,-111.8422,8,8.9,2,2,0.5,115
2019,Washington,47.6211,-122.3244,9,8.7,2,6,0.25,64
2019,Auburn,32.6087,-85.4903,5,16.4,9,7,0.56,20
2019,New Mexico State,32.3265,-106.7893,12,7.9,0,3,0,270
2019,Kansas,38.9597,-95.2642,4,14.2,15,8,0.65,2
2019,Northeastern,42.3188,-71.0852,13,5,0,3,0,111
2019,Iowa State,42.0256,-93.6217,6,14.5,9,10,0.47,28
2019,Ohio State,39.9862,-82.9855,11,9.8,8,12,0.4,14
2019,Houston,29.786,-95.3885,3,15.9,7,3,0.7,76
2019,Georgia State,33.7628,-84.422,14,3.5,0,3,0,122
2019,Wofford,34.9442,-81.9251,7,14.3,0,5,0,94
2019,Seton Hall,40.7245,-74.1725,10,7.7,7,6,0.54,38
2019,Kentucky,38.0423,-84.4587,2,18.3,12,5,0.71,18
2019,Abilene Christian,32.4543,-99.7384,15,1,0,2,0,347
2021,Gonzaga,47.6671,-117.433,1,21.3,11,1,0.92,72
2021,Norfolk State,36.8945,-76.259,16,-3.1,0,1,0,302
2021,Oklahoma,35.2335,-97.3471,8,11,6,9,0.4,36
2021,Missouri,38.9472,-92.3268,9,9,6,7,0.46,18
2021,Creighton,41.2627,-96.0529,5,13.1,6,3,0.67,55
2021,UC Santa Barbara,34.4285,-119.7202,12,8.1,0,1,0,186
2021,Virginia,38.0375,-78.4855,4,13.9,7,5,0.58,60
2021,Ohio,39.327,-82.0987,13,5.1,1,2,0.33,119
2021,USC,34.1141,-118.4068,6,14.3,7,6,0.54,48
2021,Drake,41.5725,-93.6105,11,7.3,1,3,0.25,160
2021,Kansas,38.9597,-95.2642,3,12,8,9,0.47,31
2021,Eastern Washington,47.4901,-117.579,14,4,0,3,0,185
2021,Oregon,44.0564,-123.1174,7,11.2,6,4,0.6,61
2021,VCU,37.5295,-77.4756,10,8.2,3,4,0.43,84
2021,Iowa,41.6559,-91.5303,2,17,10,8,0.56,16
2021,Grand Canyon,33.5722,-112.0892,15,6.4,0,2,0,225
2021,Michigan,42.2759,-83.731,1,17.4,13,3,0.81,15
2021,Texas Southern,29.786,-95.3885,16,-1.8,0,3,0,194
2021,LSU,30.442,-91.1311,8,12.6,7,8,0.47,22
2021,St. Bonaventure,42.0802,-78.4748,9,11.3,1,2,0.33,89
2021,Colorado,40.0248,-105.2524,5,13.1,6,5,0.55,63
2021,Georgetown,38.9047,-77.0163,12,7.1,5,9,0.36,17
2021,Florida State,30.4551,-84.2527,4,12.7,9,5,0.64,39
2021,UNC Greensboro,36.0956,-79.8271,13,5.4,0,1,0,191
2021,Brigham Young,40.2457,-111.6457,6,11.1,1,5,0.17,78
2021,UCLA,34.1141,-118.4068,11,11.4,6,7,0.46,28
2021,Texas,30.3005,-97.7522,3,12.4,9,7,0.56,23
2021,Abilene Christian,32.4543,-99.7384,14,5.8,1,3,0.25,222
2021,UConn,41.8083,-72.2514,7,12.5,2,6,0.25,53
2021,Maryland,38.996,-76.9337,10,9.7,5,13,0.28,14
2021,Alabama,33.2348,-87.5268,2,14.4,9,5,0.64,30
2021,Iona,40.9304,-73.7836,15,1.5,0,2,0,241
2021,Baylor,31.5599,-97.1882,1,20.7,14,2,0.88,43
2021,Hartford,41.7661,-72.6834,16,-0.5,0,3,0,168
2021,North Carolina,35.9271,-79.0391,8,11.7,6,10,0.38,21
2021,Wisconsin,43.0822,-89.393,9,13.2,7,12,0.37,4
2021,Villanova,40.0405,-75.341,5,15.1,5,3,0.63,47
2021,Winthrop,34.9415,-81.0241,12,5.8,0,1,0,307
2021,Purdue,40.4432,-86.9238,4,11.6,8,7,0.53,13
2021,North Texas,33.2175,-97.1418,13,7.2,1,4,0.2,101
2021,Texas Tech,33.5657,-101.8879,6,14.4,5,11,0.31,45
2021,Utah State,41.7399,-111.8422,11,8.5,2,3,0.4,111
2021,Arkansas,36.0714,-94.1661,3,13.5,9,7,0.56,23
2021,Colgate,42.7401,-75.5436,14,8.5,0,1,0,279
2021,Florida,29.6804,-82.3459,7,10.3,5,6,0.45,27
2021,Virginia Tech,37.23,-80.4279,10,9.6,4,5,0.44,76
2021,Ohio State,39.9862,-82.9855,2,14.2,12,6,0.67,9
2021,Oral Roberts,36.1283,-95.9042,15,1.4,2,5,0.29,121
2021,Illinois,40.1142,-88.2737,1,17.6,14,6,0.7,5
2021,Drexel,40.0077,-75.1339,16,0.9,0,1,0,220
2021,Loyola (IL),41.8375,-87.6866,8,13.2,2,1,0.67,128
2021,Georgia Tech,33.7628,-84.422,9,9.9,7,6,0.54,50
2021,Tennessee,35.9692,-83.9496,5,13.3,6,6,0.5,57
2021,Oregon State,44.5698,-123.2779,12,7.5,8,8,0.5,46
2021,Oklahoma State,36.1317,-97.0742,4,10.2,10,6,0.63,20
2021,Liberty,37.4003,-79.1909,13,6.4,0,3,0,253
2021,San Diego State,32.8313,-117.1222,6,12.2,1,2,0.33,115
2021,Syracuse,43.0407,-76.1437,11,10.9,8,8,0.5,41
2021,West Virginia,39.6383,-79.9464,3,12,5,10,0.33,26
2021,Morehead State,38.1906,-83.4466,14,0.3,0,3,0,163
2021,Clemson,34.6837,-82.8124,7,9.5,8,7,0.53,34
2021,Rutgers,40.487,-74.445,10,9.6,8,10,0.44,2
2021,Houston,29.786,-95.3885,2,18.3,5,1,0.83,99
2021,Cleveland State,41.4764,-81.6805,15,-1.8,0,2,0,184
2022,Gonzaga,47.6671,-117.433,1,20.5,9,4,0.69,74
2022,Georgia State,33.7628,-84.422,16,1.4,0,2,0,212
2022,Boise State,43.6005,-116.2308,8,8,3,1,0.75,102
2022,Memphis,35.1087,-89.9663,9,11.8,4,3,0.57,60
2022,UConn,41.8083,-72.2514,5,13.3,7,6,0.54,50
2022,New Mexico State,32.3265,-106.7893,12,3.9,1,1,0.5,177
2022,Arkansas,36.0714,-94.1661,4,12.8,11,7,0.61,32
2022,Vermont,44.4876,-73.2316,13,10,0,2,0,287
2022,Alabama,33.2348,-87.5268,6,11.6,9,9,0.5,1
2022,Notre Dame,41.6767,-86.2696,11,9.8,4,9,0.31,54
2022,Texas Tech,33.5657,-101.8879,3,16.5,12,8,0.6,15
2022,Montana State,45.6833,-111.0558,14,0.1,0,1,0,343
2022,Michigan State,42.748,-84.4836,7,10.3,7,10,0.41,8
2022,Davidson,35.484,-80.8247,10,9.1,1,3,0.25,115
2022,Duke,35.9792,-78.9022,2,16.8,11,5,0.69,38
2022,Cal State Fullerton,33.8841,-117.9279,15,-0.4,0,2,0,281
2022,Baylor,31.5599,-97.1882,1,17.9,10,7,0.59,14
2022,Norfolk State,36.8945,-76.259,16,1,0,2,0,341
2022,North Carolina,35.9271,-79.0391,8,13.3,7,9,0.44,19
2022,Marquette,43.0642,-87.9675,9,8,8,7,0.53,27
2022,Saint Mary's,37.8439,-122.1225,5,11.8,5,5,0.5,75
2022,Indiana,39.1637,-86.5257,12,10,6,10,0.38,31
2022,UCLA,34.1141,-118.4068,4,16.2,5,5,0.5,53
2022,Akron,41.0798,-81.5219,13,4.2,0,2,0,253
2022,Texas,30.3005,-97.7522,6,13.9,8,10,0.44,13
2022,Virginia Tech,37.23,-80.4279,11,13.2,5,9,0.36,46
2022,Purdue,40.4432,-86.9238,3,16.4,11,6,0.65,26
2022,Yale,41.3113,-72.9246,14,0.7,0,5,0,152
2022,Murray State,36.6146,-88.3207,7,10.3,2,1,0.67,229
2022,San Francisco,37.7558,-122.4449,10,10.6,1,7,0.13,91
2022,Kentucky,38.0423,-84.4587,2,17.7,10,7,0.59,22
2022,Saint Peter's,40.7184,-74.0686,15,4.8,3,3,0.5,116
2022,Arizona,32.1541,-110.8787,1,17.6,7,3,0.7,69
2022,Wright State,39.7805,-84.2003,16,0.8,0,2,0,291
2022,Seton Hall,40.7245,-74.1725,8,9.6,6,8,0.43,39
2022,TCU,32.7817,-97.3474,9,10.5,9,9,0.5,4
2022,Houston,29.786,-95.3885,5,19.8,5,5,0.5,71
2022,UAB,33.5279,-86.7971,12,9.2,0,2,0,157
2022,Illinois,40.1142,-88.2737,4,13.9,9,6,0.6,16
2022,Chattanooga,35.066,-85.2481,13,8,0,2,0,138
2022,Colorado State,40.5477,-105.0656,6,6.4,3,3,0.5,107
2022,Michigan,42.2759,-83.731,11,11.4,7,12,0.37,2
2022,Tennessee,35.9692,-83.9496,3,18,12,8,0.6,5
2022,Longwood,37.2959,-78.4002,14,1.8,0,2,0,330
2022,Ohio State,39.9862,-82.9855,7,11.5,8,8,0.5,18
2022,Loyola (IL),41.8375,-87.6866,10,11.2,1,3,0.25,110
2022,Villanova,40.0405,-75.341,2,17.6,15,5,0.75,10
2022,Delaware,39.6776,-75.7576,15,1.1,0,1,0,181
2022,Kansas,38.9597,-95.2642,1,17.6,16,6,0.73,9
2022,Texas Southern,29.786,-95.3885,16,-0.4,1,2,0.33,205
2022,San Diego State,32.8313,-117.1222,8,10.6,1,2,0.33,92
2022,Creighton,41.2627,-96.0529,9,7.8,7,8,0.47,37
2022,Iowa,41.6559,-91.5303,5,15.5,6,6,0.5,47
2022,Richmond,37.5295,-77.4756,12,7,2,3,0.4,84
2022,Providence,41.823,-71.4187,4,10.7,9,3,0.75,55
2022,South Dakota State,44.3022,-96.7859,13,7.8,0,2,0,249
2022,LSU,30.442,-91.1311,6,14,8,8,0.5,28
2022,Iowa State,42.0256,-93.6217,11,9.1,10,11,0.48,11
2022,Wisconsin,43.0822,-89.393,3,10.9,11,5,0.69,20
2022,Colgate,42.7401,-75.5436,14,3.7,0,3,0,282
2022,USC,34.1141,-118.4068,7,9.8,2,5,0.29,80
2022,Miami (FL),25.7037,-80.2715,10,9.1,7,6,0.54,34
2022,Auburn,32.6087,-85.4903,2,15.6,10,6,0.63,43
2022,Jacksonville State,33.8088,-85.7545,15,2.3,0,2,0,256
2023,Alabama,33.2348,-87.5268,1,18.9,15,5,0.75,12
2023,Texas A&M-CC,27.7254,-97.3767,16,-2,0,4,0,330
2023,Maryland,38.996,-76.9337,8,12,8,10,0.44,28
2023,West Virginia,39.6383,-79.9464,9,12.1,6,13,0.32,5
2023,San Diego State,32.8313,-117.1222,5,12.6,8,5,0.62,52
2023,Charleston,32.8168,-79.9687,12,8.2,0,2,0,299
2023,Virginia,38.0375,-78.4855,4,11.9,6,4,0.6,59
2023,Furman,34.8354,-82.3646,13,5,1,3,0.25,250
2023,Creighton,41.2627,-96.0529,6,14.5,6,9,0.4,18
2023,NC State,35.8324,-78.6429,11,9.6,3,6,0.33,67
2023,Baylor,31.5599,-97.1882,3,13.8,10,11,0.48,6
2023,UC Santa Barbara,34.4285,-119.7202,14,2.3,0,1,0,295
2023,Missouri,38.9472,-92.3268,7,8.2,9,8,0.53,40
2023,Utah State,41.7399,-111.8422,10,9.4,2,4,0.33,91
2023,Arizona,32.1541,-110.8787,2,14.2,8,2,0.8,51
2023,Princeton,40.3562,-74.6693,15,4.5,1,1,0.5,133
2023,Purdue,40.4432,-86.9238,1,15.4,16,5,0.76,29
2023,Fairleigh Dickinson,40.8891,-74.0462,16,-4.6,1,1,0.5,350
2023,Memphis,35.1087,-89.9663,8,11.5,7,5,0.58,54
2023,Florida Atlantic,26.3752,-80.108,9,11,3,1,0.75,110
2023,Duke,35.9792,-78.9022,5,13,9,6,0.6,43
2023,Oral Roberts,36.1283,-95.9042,12,5.7,1,4,0.2,259
2023,Tennessee,35.9692,-83.9496,4,18.3,9,6,0.6,38
2023,Louisiana,30.2082,-92.0325,13,4.6,0,2,0,167
2023,Kentucky,38.0423,-84.4587,6,12.5,7,7,0.5,31
2023,Providence,41.823,-71.4187,11,10.4,3,9,0.25,46
2023,Kansas State,39.1886,-96.6048,3,11.4,11,7,0.61,22
2023,Montana State,45.6833,-111.0558,14,3.4,0,3,0,207
2023,Michigan State,42.748,-84.4836,7,10.8,10,11,0.48,4
2023,USC,34.1141,-118.4068,10,8.6,2,6,0.25,62
2023,Marquette,43.0642,-87.9675,2,13.6,8,6,0.57,34
2023,Vermont,44.4876,-73.2316,15,4.2,0,2,0,153
2023,Houston,29.786,-95.3885,1,20.5,11,3,0.79,77
2023,Northern Kentucky,39.0354,-84.4567,16,1.4,1,2,0.33,216
2023,Iowa,41.6559,-91.5303,8,10.8,10,9,0.53,17
2023,Auburn,32.6087,-85.4903,9,11.6,5,10,0.33,20
2023,Miami (FL),25.7037,-80.2715,5,11.5,10,5,0.67,41
2023,Drake,41.5725,-93.6105,12,8.6,1,1,0.5,169
2023,Indiana,39.1637,-86.5257,4,12.3,10,12,0.45,13
2023,Kent State,41.149,-81.361,13,7.1,0,3,0,158
2023,Iowa State,42.0256,-93.6217,6,11.6,9,10,0.47,3
2023,Pittsburgh,40.4397,-79.9763,11,8.3,8,5,0.62,69
2023,Xavier,39.1413,-84.506,3,12.5,9,7,0.56,25
2023,Kennesaw State,34.026,-84.6177,14,2.1,2,3,0.4,161
2023,Texas A&M,30.5852,-96.2959,7,11.7,6,7,0.46,49
2023,Penn State,40.7909,-77.8567,10,10.2,11,8,0.58,14
2023,Texas,30.3005,-97.7522,2,16.8,16,8,0.67,7
2023,Colgate,42.7401,-75.5436,15,4.3,0,2,0,307
2023,Kansas,38.9597,-95.2642,1,14.7,15,8,0.65,1
2023,Howard,38.9047,-77.0163,16,-3.1,0,2,0,281
2023,Arkansas,36.0714,-94.1661,8,12.6,6,11,0.35,19
2023,Illinois,40.1142,-88.2737,9,11.1,6,12,0.33,30
2023,Saint Mary's,37.8439,-122.1225,5,12.2,2,4,0.33,89
2023,VCU,37.5295,-77.4756,12,8.7,0,2,0,113
2023,UConn,41.8083,-72.2514,4,18.9,13,6,0.68,16
2023,Iona,40.9304,-73.7836,13,8.7,0,1,0,258
2023,TCU,32.7817,-97.3474,6,11.6,9,11,0.45,10
2023,Arizona State,33.3881,-111.9319,11,7.7,3,6,0.33,55
2023,Gonzaga,47.6671,-117.433,3,14.9,8,5,0.62,66
2023,Grand Canyon,33.5722,-112.0892,14,5,2,1,0.67,147
2023,Northwestern,42.0464,-87.6943,7,10.4,10,9,0.53,24
2023,Boise State,43.6005,-116.2308,10,9.2,3,4,0.43,81
2023,UCLA,34.1141,-118.4068,2,17.8,7,5,0.58,47
2023,UNC Asheville,35.5707,-82.5537,15,1.3,1,2,0.33,251
2024,UConn,41.8083,-72.2514,1,22.7,19,2,0.9,13
2024,Stetson,29.0225,-81.2875,16,-1.4,0,3,0,212
2024,Florida Atlantic,26.3752,-80.108,8,11,3,2,0.6,89
2024,Northwestern,42.0464,-87.6943,9,10.3,7,9,0.44,33
2024,San Diego State,32.8313,-117.1222,5,11.1,3,6,0.33,75
2024,UAB,33.5279,-86.7971,12,3.7,1,3,0.25,103
2024,Auburn,32.6087,-85.4903,4,18.5,6,6,0.5,61
2024,Yale,41.3113,-72.9246,13,7.6,1,3,0.25,107
2024,Brigham Young,40.2457,-111.6457,6,13.5,7,8,0.47,52
2024,Duquesne,40.4397,-79.9763,11,5.9,2,4,0.33,87
2024,Illinois,40.1142,-88.2737,3,16.3,12,7,0.63,18
2024,Morehead State,38.1906,-83.4466,14,5,0,4,0,280
2024,Washington State,46.7336,-117.168,7,10.1,5,5,0.5,80
2024,Drake,41.5725,-93.6105,10,8.8,2,2,0.5,134
2024,Iowa State,42.0256,-93.6217,2,18.2,13,7,0.65,21
2024,South Dakota State,44.3022,-96.7859,15,1,0,1,0,282
2024,North Carolina,35.9271,-79.0391,1,17,12,6,0.67,17
2024,Wagner,40.5834,-74.1496,16,-5.5,0,2,0,315
2024,Mississippi State,33.4608,-88.8297,8,11.1,5,9,0.36,29
2024,Michigan State,42.748,-84.4836,9,13.8,5,12,0.29,11
2024,Saint Mary's,37.8439,-122.1225,5,14,3,4,0.43,109
2024,Grand Canyon,33.5722,-112.0892,12,9,2,1,0.67,177
2024,Alabama,33.2348,-87.5268,4,16.2,8,12,0.4,2
2024,Charleston,32.8168,-79.9687,13,5.5,0,2,0,176
2024,Clemson,34.6837,-82.8124,6,12.9,9,6,0.6,26
2024,New Mexico,35.1054,-106.6465,11,9.1,3,5,0.38,92
2024,Baylor,31.5599,-97.1882,3,15.1,11,10,0.52,5
2024,Colgate,42.7401,-75.5436,14,3.8,0,3,0,229
2024,Dayton,39.7805,-84.2003,7,11.5,2,3,0.4,82
2024,Nevada,39.5497,-119.8483,10,8.8,3,5,0.38,95
2024,Arizona,32.1541,-110.8787,2,18.2,9,5,0.64,53
2024,Long Beach State,33.7977,-118.167,15,-0.6,0,2,0,213
2024,Houston,29.786,-95.3885,1,23,16,5,0.76,12
2024,Longwood,37.2959,-78.4002,16,1,0,2,0,251
2024,Nebraska,40.8099,-96.6784,8,10.7,5,8,0.38,59
2024,Texas A&M,30.5852,-96.2959,9,11.5,8,7,0.53,15
2024,Wisconsin,43.0822,-89.393,5,13.3,10,9,0.53,3
2024,James Madison,38.4362,-78.8735,12,8.9,2,1,0.67,223
2024,Duke,35.9792,-78.9022,4,17.9,8,7,0.53,44
2024,Vermont,44.4876,-73.2316,13,6.2,0,2,0,191
2024,Texas Tech,33.5657,-101.8879,6,11.7,7,9,0.44,35
2024,NC State,35.8324,-78.6429,11,10.1,7,10,0.41,28
2024,Kentucky,38.0423,-84.4587,3,12.6,7,6,0.54,63
2024,Oakland,42.6866,-83.1198,14,2.6,1,5,0.17,132
2024,Florida,29.6804,-82.3459,7,12.1,7,8,0.47,32
2024,Colorado,40.0248,-105.2524,10,9.7,6,5,0.55,74
2024,Marquette,43.0642,-87.9675,2,15.3,12,8,0.6,9
2024,Western Kentucky,36.9716,-86.4378,15,0.6,0,1,0,281
2024,Purdue,40.4432,-86.9238,1,20.3,17,5,0.77,1
2024,Grambling State,32.5275,-92.7124,16,-6.4,0,6,0,188
2024,Utah State,41.7399,-111.8422,8,7.4,5,4,0.56,91
2024,TCU,32.7817,-97.3474,9,11.4,6,10,0.38,37
2024,Gonzaga,47.6671,-117.433,5,14.9,3,6,0.33,84
2024,McNeese State,30.201,-93.2111,12,8.5,0,1,0,326
2024,Kansas,38.9597,-95.2642,4,12.7,10,8,0.56,6
2024,Samford,33.4619,-86.809,13,5.7,0,2,0,268
2024,South Carolina,34.0378,-80.9036,6,8.6,7,5,0.58,71
2024,Oregon,44.0564,-123.1174,11,8.9,4,8,0.33,73
2024,Creighton,41.2627,-96.0529,3,16.8,8,7,0.53,25
2024,Akron,41.0798,-81.5219,14,4.4,0,1,0,183
2024,Texas,30.3005,-97.7522,7,12.7,6,10,0.38,24
2024,Colorado State,40.5477,-105.0656,10,7.9,5,6,0.45,85
2024,Tennessee,35.9692,-83.9496,2,18.1,11,8,0.58,10
2024,Saint Peter's,40.7184,-74.0686,15,-2.2,0,1,0,254
